{
  "scrolling app menu": {
    "x": 0.0,
    "y": 0.0,
    "width": 1.0,
    "height": 1.0
  },
  "paged app menu": {
    "x": 0.0,
    "y": 0.01999999955296516,
    "width": 1.0,
    "height": 0.9599999785423279
  },
  "app menu frame": {
    "x": 0.0,
    "y": 0.0,
    "width": 1.0,
    "height": 1.0
  },
  "home page battery icon": {
    "x": 0.009999999776482582,
    "y": 0.01200000010430813,
    "width": 0.08500000089406967,
    "height": 0.07500000298023224
  },
  "battery percent text": {
    "x": 0.1150000020861626,
    "y": 0.01799999922513962,
    "width": 0.1500000059604645,
    "height": 0.07500000298023224
  },
  "home page clock label": {
    "x": 0.7400000095367432,
    "y": 0.01799999922513962,
    "width": 0.1500000059604645,
    "height": 0.07500000298023224
  },
  "home page IP label": {
    "x": 0.119999997317791,
    "y": 0.9020000100135803,
    "width": 0.7599999904632568,
    "height": 0.07500000298023224
  },
  "home page Wifi icon": {
    "x": 0.9100000262260437,
    "y": 0.009999999776482582,
    "width": 0.08500000089406967,
    "height": 0.08500000089406967
  },
  "power page button": {
    "x": 0.0,
    "y": 0.8999999761581421,
    "width": 0.09000000357627869,
    "height": 0.09000000357627869
  },
  "settings page button": {
    "x": 0.9100000262260437,
    "y": 0.8999999761581421,
    "width": 0.09000000357627869,
    "height": 0.09000000357627869
  },
  "popup editor menu": {
    "width": 0.699999988079071,
    "height": 0.699999988079071
  },
  "left arrow button": {
    "x": 0.0,
    "y": 0.4000000059604645,
    "width": 0.1000000014901161,
    "height": 0.2000000029802322
  },
  "right arrow button": {
    "x": 0.8999999761581421,
    "y": 0.4000000059604645,
    "width": 0.1000000014901161,
    "height": 0.2000000029802322
  },
  "up arrow button": {
    "x": 0.4199999868869781,
    "y": 0.07000000029802322,
    "width": 0.1800000071525574,
    "height": 0.07999999821186066
  },
  "down arrow button": {
    "x": 0.4199999868869781,
    "y": 0.8899999856948853,
    "width": 0.1800000071525574,
    "height": 0.07999999821186066
  },
  "settings list page button": {
    "x": 0.8999999761581421,
    "y": 0.4000000059604645,
    "width": 0.1000000014901161,
    "height": 0.2000000029802322
  },
  "loading spinner": {
    "width": 0.1000000014901161,
    "height": 0.1000000014901161
  },
  "small text": 0.075,
  "medium text": 0.08500000000000001,
  "large text": 0.09
}